-- phpMyAdmin SQL Dump
-- version 5.2.0
-- https://www.phpmyadmin.net/
--
-- Host: 127.0.0.1
-- Generation Time: Apr 10, 2023 at 09:22 AM
-- Server version: 10.4.27-MariaDB
-- PHP Version: 8.2.0

SET SQL_MODE = "NO_AUTO_VALUE_ON_ZERO";
START TRANSACTION;
SET time_zone = "+00:00";


/*!40101 SET @OLD_CHARACTER_SET_CLIENT=@@CHARACTER_SET_CLIENT */;
/*!40101 SET @OLD_CHARACTER_SET_RESULTS=@@CHARACTER_SET_RESULTS */;
/*!40101 SET @OLD_COLLATION_CONNECTION=@@COLLATION_CONNECTION */;
/*!40101 SET NAMES utf8mb4 */;

--
-- Database: `spp_db`
--

-- --------------------------------------------------------

--
-- Table structure for table `tb_kelas`
--

CREATE TABLE `tb_kelas` (
  `id_kelas` varchar(10) CHARACTER SET utf8mb4 COLLATE utf8mb4_general_ci NOT NULL,
  `kelas` varchar(10) NOT NULL,
  `jurusan` varchar(100) NOT NULL,
  `tingkat_kelas` varchar(50) NOT NULL
) ENGINE=InnoDB DEFAULT CHARSET=latin1 COLLATE=latin1_swedish_ci;

--
-- Dumping data for table `tb_kelas`
--

INSERT INTO `tb_kelas` (`id_kelas`, `kelas`, `jurusan`, `tingkat_kelas`) VALUES
('X-D1', 'X DKV 1', 'Desain Komunikasi Visual', '10'),
('X-R1', 'X RPL 1', 'Rekayasa Perangkat Lunak', '10'),
('X-T1', 'X TKJ 1', 'Teknik Komputer dan Jaringan', '10'),
('XI-D1', 'XI DKV 1', 'Desain Komunikasi Visual', '11'),
('XI-R1', 'XI RPL 1', 'Rekayasa Perangkat Lunak', '11'),
('XI-T1', 'XI TKJ 1', 'Teknik Komputer dan Jaringan', '11'),
('XII-D1', 'XII DKV 1', 'Desain Komunikasi Visual', '12'),
('XII-R1', 'XII RPL 1', 'Rekayasa Perangkat Lunak', '12'),
('XII-T1', 'XII TKJ 1', 'Teknik Komputer dan Jaringan', '12');

-- --------------------------------------------------------

--
-- Table structure for table `tb_pembayaran`
--

CREATE TABLE `tb_pembayaran` (
  `id_pembayaran` int(11) NOT NULL,
  `nis` int(11) NOT NULL,
  `bulan` varchar(50) NOT NULL,
  `tahun` varchar(50) NOT NULL,
  `jumlah_bayar` double DEFAULT NULL,
  `angkatan` varchar(10) NOT NULL
) ENGINE=InnoDB DEFAULT CHARSET=utf8mb4 COLLATE=utf8mb4_general_ci;

--
-- Dumping data for table `tb_pembayaran`
--

INSERT INTO `tb_pembayaran` (`id_pembayaran`, `nis`, `bulan`, `tahun`, `jumlah_bayar`, `angkatan`) VALUES
(638, 5411, 'Juni', '2023/2024', 600000, 'I'),
(639, 5411, 'Juli', '2023/2024', 0, 'I'),
(640, 5411, 'Agustus', '2023/2024', 0, 'I'),
(641, 5411, 'September', '2023/2024', 0, 'I'),
(642, 5411, 'Oktober', '2023/2024', 0, 'I'),
(643, 5411, 'November', '2023/2024', 0, 'I'),
(644, 5411, 'Desember', '2023/2024', 0, 'I'),
(645, 5411, 'Januari', '2023/2024', 0, 'I'),
(646, 5411, 'Februari', '2023/2024', 0, 'I'),
(647, 5411, 'Maret', '2023/2024', 0, 'I'),
(648, 5411, 'April', '2023/2024', 0, 'I'),
(649, 5411, 'Mei', '2023/2024', 0, 'I'),
(650, 5411, 'Juni', '2024/2025', 0, 'II'),
(651, 5411, 'Juli', '2024/2025', 0, 'II'),
(652, 5411, 'Agustus', '2024/2025', 0, 'II'),
(653, 5411, 'September', '2024/2025', 0, 'II'),
(654, 5411, 'Oktober', '2024/2025', 0, 'II'),
(655, 5411, 'November', '2024/2025', 0, 'II'),
(656, 5411, 'Desember', '2024/2025', 0, 'II'),
(657, 5411, 'Januari', '2024/2025', 0, 'II'),
(658, 5411, 'Februari', '2024/2025', 0, 'II'),
(659, 5411, 'Maret', '2024/2025', 0, 'II'),
(660, 5411, 'April', '2024/2025', 0, 'II'),
(661, 5411, 'Mei', '2024/2025', 0, 'II'),
(662, 5411, 'Juni', '2025/2026', 0, 'III'),
(663, 5411, 'Juli', '2025/2026', 0, 'III'),
(664, 5411, 'Agustus', '2025/2026', 0, 'III'),
(665, 5411, 'September', '2025/2026', 0, 'III'),
(666, 5411, 'Oktober', '2025/2026', 0, 'III'),
(667, 5411, 'November', '2025/2026', 0, 'III'),
(668, 5411, 'Desember', '2025/2026', 0, 'III'),
(669, 5411, 'Januari', '2025/2026', 0, 'III'),
(670, 5411, 'Februari', '2025/2026', 0, 'III'),
(671, 5411, 'Maret', '2025/2026', 0, 'III'),
(672, 5411, 'April', '2025/2026', 0, 'III'),
(673, 5411, 'Mei', '2025/2026', 0, 'III'),
(674, 5410, 'Juni', '2023/2024', 600000, 'I'),
(675, 5410, 'Juli', '2023/2024', 600000, 'I'),
(676, 5410, 'Agustus', '2023/2024', 0, 'I'),
(677, 5410, 'September', '2023/2024', 0, 'I'),
(678, 5410, 'Oktober', '2023/2024', 0, 'I'),
(679, 5410, 'November', '2023/2024', 0, 'I'),
(680, 5410, 'Desember', '2023/2024', 0, 'I'),
(681, 5410, 'Januari', '2023/2024', 0, 'I'),
(682, 5410, 'Februari', '2023/2024', 0, 'I'),
(683, 5410, 'Maret', '2023/2024', 0, 'I'),
(684, 5410, 'April', '2023/2024', 0, 'I'),
(685, 5410, 'Mei', '2023/2024', 0, 'I'),
(686, 5410, 'Juni', '2024/2025', 0, 'II'),
(687, 5410, 'Juli', '2024/2025', 0, 'II'),
(688, 5410, 'Agustus', '2024/2025', 0, 'II'),
(689, 5410, 'September', '2024/2025', 0, 'II'),
(690, 5410, 'Oktober', '2024/2025', 0, 'II'),
(691, 5410, 'November', '2024/2025', 0, 'II'),
(692, 5410, 'Desember', '2024/2025', 0, 'II'),
(693, 5410, 'Januari', '2024/2025', 0, 'II'),
(694, 5410, 'Februari', '2024/2025', 0, 'II'),
(695, 5410, 'Maret', '2024/2025', 0, 'II'),
(696, 5410, 'April', '2024/2025', 0, 'II'),
(697, 5410, 'Mei', '2024/2025', 0, 'II'),
(698, 5410, 'Juni', '2025/2026', 0, 'III'),
(699, 5410, 'Juli', '2025/2026', 0, 'III'),
(700, 5410, 'Agustus', '2025/2026', 0, 'III'),
(701, 5410, 'September', '2025/2026', 0, 'III'),
(702, 5410, 'Oktober', '2025/2026', 0, 'III'),
(703, 5410, 'November', '2025/2026', 0, 'III'),
(704, 5410, 'Desember', '2025/2026', 0, 'III'),
(705, 5410, 'Januari', '2025/2026', 0, 'III'),
(706, 5410, 'Februari', '2025/2026', 0, 'III'),
(707, 5410, 'Maret', '2025/2026', 0, 'III'),
(708, 5410, 'April', '2025/2026', 0, 'III'),
(709, 5410, 'Mei', '2025/2026', 0, 'III'),
(710, 5409, 'Juni', '2023/2024', 600000, 'I'),
(711, 5409, 'Juli', '2023/2024', 0, 'I'),
(712, 5409, 'Agustus', '2023/2024', 0, 'I'),
(713, 5409, 'September', '2023/2024', 0, 'I'),
(714, 5409, 'Oktober', '2023/2024', 0, 'I'),
(715, 5409, 'November', '2023/2024', 0, 'I'),
(716, 5409, 'Desember', '2023/2024', 0, 'I'),
(717, 5409, 'Januari', '2023/2024', 0, 'I'),
(718, 5409, 'Februari', '2023/2024', 0, 'I'),
(719, 5409, 'Maret', '2023/2024', 0, 'I'),
(720, 5409, 'April', '2023/2024', 0, 'I'),
(721, 5409, 'Mei', '2023/2024', 0, 'I'),
(722, 5409, 'Juni', '2024/2025', 0, 'II'),
(723, 5409, 'Juli', '2024/2025', 0, 'II'),
(724, 5409, 'Agustus', '2024/2025', 0, 'II'),
(725, 5409, 'September', '2024/2025', 0, 'II'),
(726, 5409, 'Oktober', '2024/2025', 0, 'II'),
(727, 5409, 'November', '2024/2025', 0, 'II'),
(728, 5409, 'Desember', '2024/2025', 0, 'II'),
(729, 5409, 'Januari', '2024/2025', 0, 'II'),
(730, 5409, 'Februari', '2024/2025', 0, 'II'),
(731, 5409, 'Maret', '2024/2025', 0, 'II'),
(732, 5409, 'April', '2024/2025', 0, 'II'),
(733, 5409, 'Mei', '2024/2025', 0, 'II'),
(734, 5409, 'Juni', '2025/2026', 0, 'III'),
(735, 5409, 'Juli', '2025/2026', 0, 'III'),
(736, 5409, 'Agustus', '2025/2026', 0, 'III'),
(737, 5409, 'September', '2025/2026', 0, 'III'),
(738, 5409, 'Oktober', '2025/2026', 0, 'III'),
(739, 5409, 'November', '2025/2026', 0, 'III'),
(740, 5409, 'Desember', '2025/2026', 0, 'III'),
(741, 5409, 'Januari', '2025/2026', 0, 'III'),
(742, 5409, 'Februari', '2025/2026', 0, 'III'),
(743, 5409, 'Maret', '2025/2026', 0, 'III'),
(744, 5409, 'April', '2025/2026', 0, 'III'),
(745, 5409, 'Mei', '2025/2026', 0, 'III'),
(746, 5408, 'Juni', '2023/2024', 600000, 'I'),
(747, 5408, 'Juli', '2023/2024', 0, 'I'),
(748, 5408, 'Agustus', '2023/2024', 0, 'I'),
(749, 5408, 'September', '2023/2024', 0, 'I'),
(750, 5408, 'Oktober', '2023/2024', 0, 'I'),
(751, 5408, 'November', '2023/2024', 0, 'I'),
(752, 5408, 'Desember', '2023/2024', 0, 'I'),
(753, 5408, 'Januari', '2023/2024', 0, 'I'),
(754, 5408, 'Februari', '2023/2024', 0, 'I'),
(755, 5408, 'Maret', '2023/2024', 0, 'I'),
(756, 5408, 'April', '2023/2024', 0, 'I'),
(757, 5408, 'Mei', '2023/2024', 0, 'I'),
(758, 5408, 'Juni', '2024/2025', 0, 'II'),
(759, 5408, 'Juli', '2024/2025', 0, 'II'),
(760, 5408, 'Agustus', '2024/2025', 0, 'II'),
(761, 5408, 'September', '2024/2025', 0, 'II'),
(762, 5408, 'Oktober', '2024/2025', 0, 'II'),
(763, 5408, 'November', '2024/2025', 0, 'II'),
(764, 5408, 'Desember', '2024/2025', 0, 'II'),
(765, 5408, 'Januari', '2024/2025', 0, 'II'),
(766, 5408, 'Februari', '2024/2025', 0, 'II'),
(767, 5408, 'Maret', '2024/2025', 0, 'II'),
(768, 5408, 'April', '2024/2025', 0, 'II'),
(769, 5408, 'Mei', '2024/2025', 0, 'II'),
(770, 5408, 'Juni', '2025/2026', 0, 'III'),
(771, 5408, 'Juli', '2025/2026', 0, 'III'),
(772, 5408, 'Agustus', '2025/2026', 0, 'III'),
(773, 5408, 'September', '2025/2026', 0, 'III'),
(774, 5408, 'Oktober', '2025/2026', 0, 'III'),
(775, 5408, 'November', '2025/2026', 0, 'III'),
(776, 5408, 'Desember', '2025/2026', 0, 'III'),
(777, 5408, 'Januari', '2025/2026', 0, 'III'),
(778, 5408, 'Februari', '2025/2026', 0, 'III'),
(779, 5408, 'Maret', '2025/2026', 0, 'III'),
(780, 5408, 'April', '2025/2026', 0, 'III'),
(781, 5408, 'Mei', '2025/2026', 0, 'III'),
(782, 5407, 'Juni', '2023/2024', 600000, 'I'),
(783, 5407, 'Juli', '2023/2024', 0, 'I'),
(784, 5407, 'Agustus', '2023/2024', 0, 'I'),
(785, 5407, 'September', '2023/2024', 0, 'I'),
(786, 5407, 'Oktober', '2023/2024', 0, 'I'),
(787, 5407, 'November', '2023/2024', 0, 'I'),
(788, 5407, 'Desember', '2023/2024', 0, 'I'),
(789, 5407, 'Januari', '2023/2024', 0, 'I'),
(790, 5407, 'Februari', '2023/2024', 0, 'I'),
(791, 5407, 'Maret', '2023/2024', 0, 'I'),
(792, 5407, 'April', '2023/2024', 0, 'I'),
(793, 5407, 'Mei', '2023/2024', 0, 'I'),
(794, 5407, 'Juni', '2024/2025', 0, 'II'),
(795, 5407, 'Juli', '2024/2025', 0, 'II'),
(796, 5407, 'Agustus', '2024/2025', 0, 'II'),
(797, 5407, 'September', '2024/2025', 0, 'II'),
(798, 5407, 'Oktober', '2024/2025', 0, 'II'),
(799, 5407, 'November', '2024/2025', 0, 'II'),
(800, 5407, 'Desember', '2024/2025', 0, 'II'),
(801, 5407, 'Januari', '2024/2025', 0, 'II'),
(802, 5407, 'Februari', '2024/2025', 0, 'II'),
(803, 5407, 'Maret', '2024/2025', 0, 'II'),
(804, 5407, 'April', '2024/2025', 0, 'II'),
(805, 5407, 'Mei', '2024/2025', 0, 'II'),
(806, 5407, 'Juni', '2025/2026', 0, 'III'),
(807, 5407, 'Juli', '2025/2026', 0, 'III'),
(808, 5407, 'Agustus', '2025/2026', 0, 'III'),
(809, 5407, 'September', '2025/2026', 0, 'III'),
(810, 5407, 'Oktober', '2025/2026', 0, 'III'),
(811, 5407, 'November', '2025/2026', 0, 'III'),
(812, 5407, 'Desember', '2025/2026', 0, 'III'),
(813, 5407, 'Januari', '2025/2026', 0, 'III'),
(814, 5407, 'Februari', '2025/2026', 0, 'III'),
(815, 5407, 'Maret', '2025/2026', 0, 'III'),
(816, 5407, 'April', '2025/2026', 0, 'III'),
(817, 5407, 'Mei', '2025/2026', 0, 'III'),
(818, 5406, 'Juni', '2023/2024', 600000, 'I'),
(819, 5406, 'Juli', '2023/2024', 0, 'I'),
(820, 5406, 'Agustus', '2023/2024', 0, 'I'),
(821, 5406, 'September', '2023/2024', 0, 'I'),
(822, 5406, 'Oktober', '2023/2024', 0, 'I'),
(823, 5406, 'November', '2023/2024', 0, 'I'),
(824, 5406, 'Desember', '2023/2024', 0, 'I'),
(825, 5406, 'Januari', '2023/2024', 0, 'I'),
(826, 5406, 'Februari', '2023/2024', 0, 'I'),
(827, 5406, 'Maret', '2023/2024', 0, 'I'),
(828, 5406, 'April', '2023/2024', 0, 'I'),
(829, 5406, 'Mei', '2023/2024', 0, 'I'),
(830, 5406, 'Juni', '2024/2025', 0, 'II'),
(831, 5406, 'Juli', '2024/2025', 0, 'II'),
(832, 5406, 'Agustus', '2024/2025', 0, 'II'),
(833, 5406, 'September', '2024/2025', 0, 'II'),
(834, 5406, 'Oktober', '2024/2025', 0, 'II'),
(835, 5406, 'November', '2024/2025', 0, 'II'),
(836, 5406, 'Desember', '2024/2025', 0, 'II'),
(837, 5406, 'Januari', '2024/2025', 0, 'II'),
(838, 5406, 'Februari', '2024/2025', 0, 'II'),
(839, 5406, 'Maret', '2024/2025', 0, 'II'),
(840, 5406, 'April', '2024/2025', 0, 'II'),
(841, 5406, 'Mei', '2024/2025', 0, 'II'),
(842, 5406, 'Juni', '2025/2026', 0, 'III'),
(843, 5406, 'Juli', '2025/2026', 0, 'III'),
(844, 5406, 'Agustus', '2025/2026', 0, 'III'),
(845, 5406, 'September', '2025/2026', 0, 'III'),
(846, 5406, 'Oktober', '2025/2026', 0, 'III'),
(847, 5406, 'November', '2025/2026', 0, 'III'),
(848, 5406, 'Desember', '2025/2026', 0, 'III'),
(849, 5406, 'Januari', '2025/2026', 0, 'III'),
(850, 5406, 'Februari', '2025/2026', 0, 'III'),
(851, 5406, 'Maret', '2025/2026', 0, 'III'),
(852, 5406, 'April', '2025/2026', 0, 'III'),
(853, 5406, 'Mei', '2025/2026', 0, 'III'),
(854, 5405, 'Juni', '2023/2024', 600000, 'I'),
(855, 5405, 'Juli', '2023/2024', 0, 'I'),
(856, 5405, 'Agustus', '2023/2024', 0, 'I'),
(857, 5405, 'September', '2023/2024', 0, 'I'),
(858, 5405, 'Oktober', '2023/2024', 0, 'I'),
(859, 5405, 'November', '2023/2024', 0, 'I'),
(860, 5405, 'Desember', '2023/2024', 0, 'I'),
(861, 5405, 'Januari', '2023/2024', 0, 'I'),
(862, 5405, 'Februari', '2023/2024', 0, 'I'),
(863, 5405, 'Maret', '2023/2024', 0, 'I'),
(864, 5405, 'April', '2023/2024', 0, 'I'),
(865, 5405, 'Mei', '2023/2024', 0, 'I'),
(866, 5405, 'Juni', '2024/2025', 0, 'II'),
(867, 5405, 'Juli', '2024/2025', 0, 'II'),
(868, 5405, 'Agustus', '2024/2025', 0, 'II'),
(869, 5405, 'September', '2024/2025', 0, 'II'),
(870, 5405, 'Oktober', '2024/2025', 0, 'II'),
(871, 5405, 'November', '2024/2025', 0, 'II'),
(872, 5405, 'Desember', '2024/2025', 0, 'II'),
(873, 5405, 'Januari', '2024/2025', 0, 'II'),
(874, 5405, 'Februari', '2024/2025', 0, 'II'),
(875, 5405, 'Maret', '2024/2025', 0, 'II'),
(876, 5405, 'April', '2024/2025', 0, 'II'),
(877, 5405, 'Mei', '2024/2025', 0, 'II'),
(878, 5405, 'Juni', '2025/2026', 0, 'III'),
(879, 5405, 'Juli', '2025/2026', 0, 'III'),
(880, 5405, 'Agustus', '2025/2026', 0, 'III'),
(881, 5405, 'September', '2025/2026', 0, 'III'),
(882, 5405, 'Oktober', '2025/2026', 0, 'III'),
(883, 5405, 'November', '2025/2026', 0, 'III'),
(884, 5405, 'Desember', '2025/2026', 0, 'III'),
(885, 5405, 'Januari', '2025/2026', 0, 'III'),
(886, 5405, 'Februari', '2025/2026', 0, 'III'),
(887, 5405, 'Maret', '2025/2026', 0, 'III'),
(888, 5405, 'April', '2025/2026', 0, 'III'),
(889, 5405, 'Mei', '2025/2026', 0, 'III'),
(890, 5404, 'Juni', '2023/2024', 600000, 'I'),
(891, 5404, 'Juli', '2023/2024', 600000, 'I'),
(892, 5404, 'Agustus', '2023/2024', 600000, 'I'),
(893, 5404, 'September', '2023/2024', 0, 'I'),
(894, 5404, 'Oktober', '2023/2024', 0, 'I'),
(895, 5404, 'November', '2023/2024', 0, 'I'),
(896, 5404, 'Desember', '2023/2024', 0, 'I'),
(897, 5404, 'Januari', '2023/2024', 0, 'I'),
(898, 5404, 'Februari', '2023/2024', 0, 'I'),
(899, 5404, 'Maret', '2023/2024', 0, 'I'),
(900, 5404, 'April', '2023/2024', 0, 'I'),
(901, 5404, 'Mei', '2023/2024', 0, 'I'),
(902, 5404, 'Juni', '2024/2025', 0, 'II'),
(903, 5404, 'Juli', '2024/2025', 0, 'II'),
(904, 5404, 'Agustus', '2024/2025', 0, 'II'),
(905, 5404, 'September', '2024/2025', 0, 'II'),
(906, 5404, 'Oktober', '2024/2025', 0, 'II'),
(907, 5404, 'November', '2024/2025', 0, 'II'),
(908, 5404, 'Desember', '2024/2025', 0, 'II'),
(909, 5404, 'Januari', '2024/2025', 0, 'II'),
(910, 5404, 'Februari', '2024/2025', 0, 'II'),
(911, 5404, 'Maret', '2024/2025', 0, 'II'),
(912, 5404, 'April', '2024/2025', 0, 'II'),
(913, 5404, 'Mei', '2024/2025', 0, 'II'),
(914, 5404, 'Juni', '2025/2026', 0, 'III'),
(915, 5404, 'Juli', '2025/2026', 0, 'III'),
(916, 5404, 'Agustus', '2025/2026', 0, 'III'),
(917, 5404, 'September', '2025/2026', 0, 'III'),
(918, 5404, 'Oktober', '2025/2026', 0, 'III'),
(919, 5404, 'November', '2025/2026', 0, 'III'),
(920, 5404, 'Desember', '2025/2026', 0, 'III'),
(921, 5404, 'Januari', '2025/2026', 0, 'III'),
(922, 5404, 'Februari', '2025/2026', 0, 'III'),
(923, 5404, 'Maret', '2025/2026', 0, 'III'),
(924, 5404, 'April', '2025/2026', 0, 'III'),
(925, 5404, 'Mei', '2025/2026', 0, 'III'),
(926, 5403, 'Juni', '2023/2024', 600000, 'I'),
(927, 5403, 'Juli', '2023/2024', 0, 'I'),
(928, 5403, 'Agustus', '2023/2024', 0, 'I'),
(929, 5403, 'September', '2023/2024', 0, 'I'),
(930, 5403, 'Oktober', '2023/2024', 0, 'I'),
(931, 5403, 'November', '2023/2024', 0, 'I'),
(932, 5403, 'Desember', '2023/2024', 0, 'I'),
(933, 5403, 'Januari', '2023/2024', 0, 'I'),
(934, 5403, 'Februari', '2023/2024', 0, 'I'),
(935, 5403, 'Maret', '2023/2024', 0, 'I'),
(936, 5403, 'April', '2023/2024', 0, 'I'),
(937, 5403, 'Mei', '2023/2024', 0, 'I'),
(938, 5403, 'Juni', '2024/2025', 0, 'II'),
(939, 5403, 'Juli', '2024/2025', 0, 'II'),
(940, 5403, 'Agustus', '2024/2025', 0, 'II'),
(941, 5403, 'September', '2024/2025', 0, 'II'),
(942, 5403, 'Oktober', '2024/2025', 0, 'II'),
(943, 5403, 'November', '2024/2025', 0, 'II'),
(944, 5403, 'Desember', '2024/2025', 0, 'II'),
(945, 5403, 'Januari', '2024/2025', 0, 'II'),
(946, 5403, 'Februari', '2024/2025', 0, 'II'),
(947, 5403, 'Maret', '2024/2025', 0, 'II'),
(948, 5403, 'April', '2024/2025', 0, 'II'),
(949, 5403, 'Mei', '2024/2025', 0, 'II'),
(950, 5403, 'Juni', '2025/2026', 0, 'III'),
(951, 5403, 'Juli', '2025/2026', 0, 'III'),
(952, 5403, 'Agustus', '2025/2026', 0, 'III'),
(953, 5403, 'September', '2025/2026', 0, 'III'),
(954, 5403, 'Oktober', '2025/2026', 0, 'III'),
(955, 5403, 'November', '2025/2026', 0, 'III'),
(956, 5403, 'Desember', '2025/2026', 0, 'III'),
(957, 5403, 'Januari', '2025/2026', 0, 'III'),
(958, 5403, 'Februari', '2025/2026', 0, 'III'),
(959, 5403, 'Maret', '2025/2026', 0, 'III'),
(960, 5403, 'April', '2025/2026', 0, 'III'),
(961, 5403, 'Mei', '2025/2026', 0, 'III'),
(962, 5402, 'Juni', '2023/2024', 600000, 'I'),
(963, 5402, 'Juli', '2023/2024', 600000, 'I'),
(964, 5402, 'Agustus', '2023/2024', 0, 'I'),
(965, 5402, 'September', '2023/2024', 0, 'I'),
(966, 5402, 'Oktober', '2023/2024', 0, 'I'),
(967, 5402, 'November', '2023/2024', 0, 'I'),
(968, 5402, 'Desember', '2023/2024', 0, 'I'),
(969, 5402, 'Januari', '2023/2024', 0, 'I'),
(970, 5402, 'Februari', '2023/2024', 0, 'I'),
(971, 5402, 'Maret', '2023/2024', 0, 'I'),
(972, 5402, 'April', '2023/2024', 0, 'I'),
(973, 5402, 'Mei', '2023/2024', 0, 'I'),
(974, 5402, 'Juni', '2024/2025', 0, 'II'),
(975, 5402, 'Juli', '2024/2025', 0, 'II'),
(976, 5402, 'Agustus', '2024/2025', 0, 'II'),
(977, 5402, 'September', '2024/2025', 0, 'II'),
(978, 5402, 'Oktober', '2024/2025', 0, 'II'),
(979, 5402, 'November', '2024/2025', 0, 'II'),
(980, 5402, 'Desember', '2024/2025', 0, 'II'),
(981, 5402, 'Januari', '2024/2025', 0, 'II'),
(982, 5402, 'Februari', '2024/2025', 0, 'II'),
(983, 5402, 'Maret', '2024/2025', 0, 'II'),
(984, 5402, 'April', '2024/2025', 0, 'II'),
(985, 5402, 'Mei', '2024/2025', 0, 'II'),
(986, 5402, 'Juni', '2025/2026', 0, 'III'),
(987, 5402, 'Juli', '2025/2026', 0, 'III'),
(988, 5402, 'Agustus', '2025/2026', 0, 'III'),
(989, 5402, 'September', '2025/2026', 0, 'III'),
(990, 5402, 'Oktober', '2025/2026', 0, 'III'),
(991, 5402, 'November', '2025/2026', 0, 'III'),
(992, 5402, 'Desember', '2025/2026', 0, 'III'),
(993, 5402, 'Januari', '2025/2026', 0, 'III'),
(994, 5402, 'Februari', '2025/2026', 0, 'III'),
(995, 5402, 'Maret', '2025/2026', 0, 'III'),
(996, 5402, 'April', '2025/2026', 0, 'III'),
(997, 5402, 'Mei', '2025/2026', 0, 'III'),
(1106, 5401, 'Juni', '2023/2024', 600000, 'I'),
(1107, 5401, 'Juli', '2023/2024', 600000, 'I'),
(1108, 5401, 'Agustus', '2023/2024', 0, 'I'),
(1109, 5401, 'September', '2023/2024', 0, 'I'),
(1110, 5401, 'Oktober', '2023/2024', 0, 'I'),
(1111, 5401, 'November', '2023/2024', 0, 'I'),
(1112, 5401, 'Desember', '2023/2024', 0, 'I'),
(1113, 5401, 'Januari', '2023/2024', 0, 'I'),
(1114, 5401, 'Februari', '2023/2024', 0, 'I'),
(1115, 5401, 'Maret', '2023/2024', 0, 'I'),
(1116, 5401, 'April', '2023/2024', 0, 'I'),
(1117, 5401, 'Mei', '2023/2024', 0, 'I'),
(1118, 5401, 'Juni', '2024/2025', 0, 'II'),
(1119, 5401, 'Juli', '2024/2025', 0, 'II'),
(1120, 5401, 'Agustus', '2024/2025', 0, 'II'),
(1121, 5401, 'September', '2024/2025', 0, 'II'),
(1122, 5401, 'Oktober', '2024/2025', 0, 'II'),
(1123, 5401, 'November', '2024/2025', 0, 'II'),
(1124, 5401, 'Desember', '2024/2025', 0, 'II'),
(1125, 5401, 'Januari', '2024/2025', 0, 'II'),
(1126, 5401, 'Februari', '2024/2025', 0, 'II'),
(1127, 5401, 'Maret', '2024/2025', 0, 'II'),
(1128, 5401, 'April', '2024/2025', 0, 'II'),
(1129, 5401, 'Mei', '2024/2025', 0, 'II'),
(1130, 5401, 'Juni', '2025/2026', 0, 'III'),
(1131, 5401, 'Juli', '2025/2026', 0, 'III'),
(1132, 5401, 'Agustus', '2025/2026', 0, 'III'),
(1133, 5401, 'September', '2025/2026', 0, 'III'),
(1134, 5401, 'Oktober', '2025/2026', 0, 'III'),
(1135, 5401, 'November', '2025/2026', 0, 'III'),
(1136, 5401, 'Desember', '2025/2026', 0, 'III'),
(1137, 5401, 'Januari', '2025/2026', 0, 'III'),
(1138, 5401, 'Februari', '2025/2026', 0, 'III'),
(1139, 5401, 'Maret', '2025/2026', 0, 'III'),
(1140, 5401, 'April', '2025/2026', 0, 'III'),
(1141, 5401, 'Mei', '2025/2026', 0, 'III'),
(1142, 5412, 'Juni', '2023/2024', 600000, 'I'),
(1143, 5412, 'Juli', '2023/2024', 0, 'I'),
(1144, 5412, 'Agustus', '2023/2024', 0, 'I'),
(1145, 5412, 'September', '2023/2024', 0, 'I'),
(1146, 5412, 'Oktober', '2023/2024', 0, 'I'),
(1147, 5412, 'November', '2023/2024', 0, 'I'),
(1148, 5412, 'Desember', '2023/2024', 0, 'I'),
(1149, 5412, 'Januari', '2023/2024', 0, 'I'),
(1150, 5412, 'Februari', '2023/2024', 0, 'I'),
(1151, 5412, 'Maret', '2023/2024', 0, 'I'),
(1152, 5412, 'April', '2023/2024', 0, 'I'),
(1153, 5412, 'Mei', '2023/2024', 0, 'I'),
(1154, 5412, 'Juni', '2024/2025', 0, 'II'),
(1155, 5412, 'Juli', '2024/2025', 0, 'II'),
(1156, 5412, 'Agustus', '2024/2025', 0, 'II'),
(1157, 5412, 'September', '2024/2025', 0, 'II'),
(1158, 5412, 'Oktober', '2024/2025', 0, 'II'),
(1159, 5412, 'November', '2024/2025', 0, 'II'),
(1160, 5412, 'Desember', '2024/2025', 0, 'II'),
(1161, 5412, 'Januari', '2024/2025', 0, 'II'),
(1162, 5412, 'Februari', '2024/2025', 0, 'II'),
(1163, 5412, 'Maret', '2024/2025', 0, 'II'),
(1164, 5412, 'April', '2024/2025', 0, 'II'),
(1165, 5412, 'Mei', '2024/2025', 0, 'II'),
(1166, 5412, 'Juni', '2025/2026', 0, 'III'),
(1167, 5412, 'Juli', '2025/2026', 0, 'III'),
(1168, 5412, 'Agustus', '2025/2026', 0, 'III'),
(1169, 5412, 'September', '2025/2026', 0, 'III'),
(1170, 5412, 'Oktober', '2025/2026', 0, 'III'),
(1171, 5412, 'November', '2025/2026', 0, 'III'),
(1172, 5412, 'Desember', '2025/2026', 0, 'III'),
(1173, 5412, 'Januari', '2025/2026', 0, 'III'),
(1174, 5412, 'Februari', '2025/2026', 0, 'III'),
(1175, 5412, 'Maret', '2025/2026', 0, 'III'),
(1176, 5412, 'April', '2025/2026', 0, 'III'),
(1177, 5412, 'Mei', '2025/2026', 0, 'III'),
(1178, 5413, 'Juni', '2023/2024', 600000, 'I'),
(1179, 5413, 'Juli', '2023/2024', 0, 'I'),
(1180, 5413, 'Agustus', '2023/2024', 0, 'I'),
(1181, 5413, 'September', '2023/2024', 0, 'I'),
(1182, 5413, 'Oktober', '2023/2024', 0, 'I'),
(1183, 5413, 'November', '2023/2024', 0, 'I'),
(1184, 5413, 'Desember', '2023/2024', 0, 'I'),
(1185, 5413, 'Januari', '2023/2024', 0, 'I'),
(1186, 5413, 'Februari', '2023/2024', 0, 'I'),
(1187, 5413, 'Maret', '2023/2024', 0, 'I'),
(1188, 5413, 'April', '2023/2024', 0, 'I'),
(1189, 5413, 'Mei', '2023/2024', 0, 'I'),
(1190, 5413, 'Juni', '2024/2025', 0, 'II'),
(1191, 5413, 'Juli', '2024/2025', 0, 'II'),
(1192, 5413, 'Agustus', '2024/2025', 0, 'II'),
(1193, 5413, 'September', '2024/2025', 0, 'II'),
(1194, 5413, 'Oktober', '2024/2025', 0, 'II'),
(1195, 5413, 'November', '2024/2025', 0, 'II'),
(1196, 5413, 'Desember', '2024/2025', 0, 'II'),
(1197, 5413, 'Januari', '2024/2025', 0, 'II'),
(1198, 5413, 'Februari', '2024/2025', 0, 'II'),
(1199, 5413, 'Maret', '2024/2025', 0, 'II'),
(1200, 5413, 'April', '2024/2025', 0, 'II'),
(1201, 5413, 'Mei', '2024/2025', 0, 'II'),
(1202, 5413, 'Juni', '2025/2026', 0, 'III'),
(1203, 5413, 'Juli', '2025/2026', 0, 'III'),
(1204, 5413, 'Agustus', '2025/2026', 0, 'III'),
(1205, 5413, 'September', '2025/2026', 0, 'III'),
(1206, 5413, 'Oktober', '2025/2026', 0, 'III'),
(1207, 5413, 'November', '2025/2026', 0, 'III'),
(1208, 5413, 'Desember', '2025/2026', 0, 'III'),
(1209, 5413, 'Januari', '2025/2026', 0, 'III'),
(1210, 5413, 'Februari', '2025/2026', 0, 'III'),
(1211, 5413, 'Maret', '2025/2026', 0, 'III'),
(1212, 5413, 'April', '2025/2026', 0, 'III'),
(1213, 5413, 'Mei', '2025/2026', 0, 'III'),
(1214, 5414, 'Juni', '2023/2024', 600000, 'I'),
(1215, 5414, 'Juli', '2023/2024', 600000, 'I'),
(1216, 5414, 'Agustus', '2023/2024', 600000, 'I'),
(1217, 5414, 'September', '2023/2024', 600000, 'I'),
(1218, 5414, 'Oktober', '2023/2024', 600000, 'I'),
(1219, 5414, 'November', '2023/2024', 600000, 'I'),
(1220, 5414, 'Desember', '2023/2024', 600000, 'I'),
(1221, 5414, 'Januari', '2023/2024', 600000, 'I'),
(1222, 5414, 'Februari', '2023/2024', 600000, 'I'),
(1223, 5414, 'Maret', '2023/2024', 600000, 'I'),
(1224, 5414, 'April', '2023/2024', 600000, 'I'),
(1225, 5414, 'Mei', '2023/2024', 0, 'I'),
(1226, 5414, 'Juni', '2024/2025', 0, 'II'),
(1227, 5414, 'Juli', '2024/2025', 0, 'II'),
(1228, 5414, 'Agustus', '2024/2025', 0, 'II'),
(1229, 5414, 'September', '2024/2025', 0, 'II'),
(1230, 5414, 'Oktober', '2024/2025', 0, 'II'),
(1231, 5414, 'November', '2024/2025', 0, 'II'),
(1232, 5414, 'Desember', '2024/2025', 0, 'II'),
(1233, 5414, 'Januari', '2024/2025', 0, 'II'),
(1234, 5414, 'Februari', '2024/2025', 0, 'II'),
(1235, 5414, 'Maret', '2024/2025', 0, 'II'),
(1236, 5414, 'April', '2024/2025', 0, 'II'),
(1237, 5414, 'Mei', '2024/2025', 0, 'II'),
(1238, 5414, 'Juni', '2025/2026', 0, 'III'),
(1239, 5414, 'Juli', '2025/2026', 0, 'III'),
(1240, 5414, 'Agustus', '2025/2026', 0, 'III'),
(1241, 5414, 'September', '2025/2026', 0, 'III'),
(1242, 5414, 'Oktober', '2025/2026', 0, 'III'),
(1243, 5414, 'November', '2025/2026', 0, 'III'),
(1244, 5414, 'Desember', '2025/2026', 0, 'III'),
(1245, 5414, 'Januari', '2025/2026', 0, 'III'),
(1246, 5414, 'Februari', '2025/2026', 0, 'III'),
(1247, 5414, 'Maret', '2025/2026', 0, 'III'),
(1248, 5414, 'April', '2025/2026', 0, 'III'),
(1249, 5414, 'Mei', '2025/2026', 0, 'III'),
(1250, 5415, 'Juni', '2023/2024', 600000, 'I'),
(1251, 5415, 'Juli', '2023/2024', 600000, 'I'),
(1252, 5415, 'Agustus', '2023/2024', 0, 'I'),
(1253, 5415, 'September', '2023/2024', 0, 'I'),
(1254, 5415, 'Oktober', '2023/2024', 0, 'I'),
(1255, 5415, 'November', '2023/2024', 0, 'I'),
(1256, 5415, 'Desember', '2023/2024', 0, 'I'),
(1257, 5415, 'Januari', '2023/2024', 0, 'I'),
(1258, 5415, 'Februari', '2023/2024', 0, 'I'),
(1259, 5415, 'Maret', '2023/2024', 0, 'I'),
(1260, 5415, 'April', '2023/2024', 0, 'I'),
(1261, 5415, 'Mei', '2023/2024', 0, 'I'),
(1262, 5415, 'Juni', '2024/2025', 0, 'II'),
(1263, 5415, 'Juli', '2024/2025', 0, 'II'),
(1264, 5415, 'Agustus', '2024/2025', 0, 'II'),
(1265, 5415, 'September', '2024/2025', 0, 'II'),
(1266, 5415, 'Oktober', '2024/2025', 0, 'II'),
(1267, 5415, 'November', '2024/2025', 0, 'II'),
(1268, 5415, 'Desember', '2024/2025', 0, 'II'),
(1269, 5415, 'Januari', '2024/2025', 0, 'II'),
(1270, 5415, 'Februari', '2024/2025', 0, 'II'),
(1271, 5415, 'Maret', '2024/2025', 0, 'II'),
(1272, 5415, 'April', '2024/2025', 0, 'II'),
(1273, 5415, 'Mei', '2024/2025', 0, 'II'),
(1274, 5415, 'Juni', '2025/2026', 0, 'III'),
(1275, 5415, 'Juli', '2025/2026', 0, 'III'),
(1276, 5415, 'Agustus', '2025/2026', 0, 'III'),
(1277, 5415, 'September', '2025/2026', 0, 'III'),
(1278, 5415, 'Oktober', '2025/2026', 0, 'III'),
(1279, 5415, 'November', '2025/2026', 0, 'III'),
(1280, 5415, 'Desember', '2025/2026', 0, 'III'),
(1281, 5415, 'Januari', '2025/2026', 0, 'III'),
(1282, 5415, 'Februari', '2025/2026', 0, 'III'),
(1283, 5415, 'Maret', '2025/2026', 0, 'III'),
(1284, 5415, 'April', '2025/2026', 0, 'III'),
(1285, 5415, 'Mei', '2025/2026', 0, 'III'),
(1286, 5416, 'Juni', '2023/2024', 600000, 'I'),
(1287, 5416, 'Juli', '2023/2024', 600000, 'I'),
(1288, 5416, 'Agustus', '2023/2024', 0, 'I'),
(1289, 5416, 'September', '2023/2024', 0, 'I'),
(1290, 5416, 'Oktober', '2023/2024', 0, 'I'),
(1291, 5416, 'November', '2023/2024', 0, 'I'),
(1292, 5416, 'Desember', '2023/2024', 0, 'I'),
(1293, 5416, 'Januari', '2023/2024', 0, 'I'),
(1294, 5416, 'Februari', '2023/2024', 0, 'I'),
(1295, 5416, 'Maret', '2023/2024', 0, 'I'),
(1296, 5416, 'April', '2023/2024', 0, 'I'),
(1297, 5416, 'Mei', '2023/2024', 0, 'I'),
(1298, 5416, 'Juni', '2024/2025', 0, 'II'),
(1299, 5416, 'Juli', '2024/2025', 0, 'II'),
(1300, 5416, 'Agustus', '2024/2025', 0, 'II'),
(1301, 5416, 'September', '2024/2025', 0, 'II'),
(1302, 5416, 'Oktober', '2024/2025', 0, 'II'),
(1303, 5416, 'November', '2024/2025', 0, 'II'),
(1304, 5416, 'Desember', '2024/2025', 0, 'II'),
(1305, 5416, 'Januari', '2024/2025', 0, 'II'),
(1306, 5416, 'Februari', '2024/2025', 0, 'II'),
(1307, 5416, 'Maret', '2024/2025', 0, 'II'),
(1308, 5416, 'April', '2024/2025', 0, 'II'),
(1309, 5416, 'Mei', '2024/2025', 0, 'II'),
(1310, 5416, 'Juni', '2025/2026', 0, 'III'),
(1311, 5416, 'Juli', '2025/2026', 0, 'III'),
(1312, 5416, 'Agustus', '2025/2026', 0, 'III'),
(1313, 5416, 'September', '2025/2026', 0, 'III'),
(1314, 5416, 'Oktober', '2025/2026', 0, 'III'),
(1315, 5416, 'November', '2025/2026', 0, 'III'),
(1316, 5416, 'Desember', '2025/2026', 0, 'III'),
(1317, 5416, 'Januari', '2025/2026', 0, 'III'),
(1318, 5416, 'Februari', '2025/2026', 0, 'III'),
(1319, 5416, 'Maret', '2025/2026', 0, 'III'),
(1320, 5416, 'April', '2025/2026', 0, 'III'),
(1321, 5416, 'Mei', '2025/2026', 0, 'III'),
(1322, 5417, 'Juni', '2023/2024', 600000, 'I'),
(1323, 5417, 'Juli', '2023/2024', 0, 'I'),
(1324, 5417, 'Agustus', '2023/2024', 0, 'I'),
(1325, 5417, 'September', '2023/2024', 0, 'I'),
(1326, 5417, 'Oktober', '2023/2024', 0, 'I'),
(1327, 5417, 'November', '2023/2024', 0, 'I'),
(1328, 5417, 'Desember', '2023/2024', 0, 'I'),
(1329, 5417, 'Januari', '2023/2024', 0, 'I'),
(1330, 5417, 'Februari', '2023/2024', 0, 'I'),
(1331, 5417, 'Maret', '2023/2024', 0, 'I'),
(1332, 5417, 'April', '2023/2024', 0, 'I'),
(1333, 5417, 'Mei', '2023/2024', 0, 'I'),
(1334, 5417, 'Juni', '2024/2025', 0, 'II'),
(1335, 5417, 'Juli', '2024/2025', 0, 'II'),
(1336, 5417, 'Agustus', '2024/2025', 0, 'II'),
(1337, 5417, 'September', '2024/2025', 0, 'II'),
(1338, 5417, 'Oktober', '2024/2025', 0, 'II'),
(1339, 5417, 'November', '2024/2025', 0, 'II'),
(1340, 5417, 'Desember', '2024/2025', 0, 'II'),
(1341, 5417, 'Januari', '2024/2025', 0, 'II'),
(1342, 5417, 'Februari', '2024/2025', 0, 'II'),
(1343, 5417, 'Maret', '2024/2025', 0, 'II'),
(1344, 5417, 'April', '2024/2025', 0, 'II'),
(1345, 5417, 'Mei', '2024/2025', 0, 'II'),
(1346, 5417, 'Juni', '2025/2026', 0, 'III'),
(1347, 5417, 'Juli', '2025/2026', 0, 'III'),
(1348, 5417, 'Agustus', '2025/2026', 0, 'III'),
(1349, 5417, 'September', '2025/2026', 0, 'III'),
(1350, 5417, 'Oktober', '2025/2026', 0, 'III'),
(1351, 5417, 'November', '2025/2026', 0, 'III'),
(1352, 5417, 'Desember', '2025/2026', 0, 'III'),
(1353, 5417, 'Januari', '2025/2026', 0, 'III'),
(1354, 5417, 'Februari', '2025/2026', 0, 'III'),
(1355, 5417, 'Maret', '2025/2026', 0, 'III'),
(1356, 5417, 'April', '2025/2026', 0, 'III'),
(1357, 5417, 'Mei', '2025/2026', 0, 'III'),
(1358, 5418, 'Juni', '2023/2024', 0, 'I'),
(1359, 5418, 'Juli', '2023/2024', 0, 'I'),
(1360, 5418, 'Agustus', '2023/2024', 0, 'I'),
(1361, 5418, 'September', '2023/2024', 0, 'I'),
(1362, 5418, 'Oktober', '2023/2024', 0, 'I'),
(1363, 5418, 'November', '2023/2024', 0, 'I'),
(1364, 5418, 'Desember', '2023/2024', 0, 'I'),
(1365, 5418, 'Januari', '2023/2024', 0, 'I'),
(1366, 5418, 'Februari', '2023/2024', 0, 'I'),
(1367, 5418, 'Maret', '2023/2024', 0, 'I'),
(1368, 5418, 'April', '2023/2024', 0, 'I'),
(1369, 5418, 'Mei', '2023/2024', 0, 'I'),
(1370, 5418, 'Juni', '2024/2025', 0, 'II'),
(1371, 5418, 'Juli', '2024/2025', 0, 'II'),
(1372, 5418, 'Agustus', '2024/2025', 0, 'II'),
(1373, 5418, 'September', '2024/2025', 0, 'II'),
(1374, 5418, 'Oktober', '2024/2025', 0, 'II'),
(1375, 5418, 'November', '2024/2025', 0, 'II'),
(1376, 5418, 'Desember', '2024/2025', 0, 'II'),
(1377, 5418, 'Januari', '2024/2025', 0, 'II'),
(1378, 5418, 'Februari', '2024/2025', 0, 'II'),
(1379, 5418, 'Maret', '2024/2025', 0, 'II'),
(1380, 5418, 'April', '2024/2025', 0, 'II'),
(1381, 5418, 'Mei', '2024/2025', 0, 'II'),
(1382, 5418, 'Juni', '2025/2026', 0, 'III'),
(1383, 5418, 'Juli', '2025/2026', 0, 'III'),
(1384, 5418, 'Agustus', '2025/2026', 0, 'III'),
(1385, 5418, 'September', '2025/2026', 0, 'III'),
(1386, 5418, 'Oktober', '2025/2026', 0, 'III'),
(1387, 5418, 'November', '2025/2026', 0, 'III'),
(1388, 5418, 'Desember', '2025/2026', 0, 'III'),
(1389, 5418, 'Januari', '2025/2026', 0, 'III'),
(1390, 5418, 'Februari', '2025/2026', 0, 'III'),
(1391, 5418, 'Maret', '2025/2026', 0, 'III'),
(1392, 5418, 'April', '2025/2026', 0, 'III'),
(1393, 5418, 'Mei', '2025/2026', 0, 'III'),
(1394, 5419, 'Juni', '2023/2024', 0, 'I'),
(1395, 5419, 'Juli', '2023/2024', 0, 'I'),
(1396, 5419, 'Agustus', '2023/2024', 0, 'I'),
(1397, 5419, 'September', '2023/2024', 0, 'I'),
(1398, 5419, 'Oktober', '2023/2024', 0, 'I'),
(1399, 5419, 'November', '2023/2024', 0, 'I'),
(1400, 5419, 'Desember', '2023/2024', 0, 'I'),
(1401, 5419, 'Januari', '2023/2024', 0, 'I'),
(1402, 5419, 'Februari', '2023/2024', 0, 'I'),
(1403, 5419, 'Maret', '2023/2024', 0, 'I'),
(1404, 5419, 'April', '2023/2024', 0, 'I'),
(1405, 5419, 'Mei', '2023/2024', 0, 'I'),
(1406, 5419, 'Juni', '2024/2025', 0, 'II'),
(1407, 5419, 'Juli', '2024/2025', 0, 'II'),
(1408, 5419, 'Agustus', '2024/2025', 0, 'II'),
(1409, 5419, 'September', '2024/2025', 0, 'II'),
(1410, 5419, 'Oktober', '2024/2025', 0, 'II'),
(1411, 5419, 'November', '2024/2025', 0, 'II'),
(1412, 5419, 'Desember', '2024/2025', 0, 'II'),
(1413, 5419, 'Januari', '2024/2025', 0, 'II'),
(1414, 5419, 'Februari', '2024/2025', 0, 'II'),
(1415, 5419, 'Maret', '2024/2025', 0, 'II'),
(1416, 5419, 'April', '2024/2025', 0, 'II'),
(1417, 5419, 'Mei', '2024/2025', 0, 'II'),
(1418, 5419, 'Juni', '2025/2026', 0, 'III'),
(1419, 5419, 'Juli', '2025/2026', 0, 'III'),
(1420, 5419, 'Agustus', '2025/2026', 0, 'III'),
(1421, 5419, 'September', '2025/2026', 0, 'III'),
(1422, 5419, 'Oktober', '2025/2026', 0, 'III'),
(1423, 5419, 'November', '2025/2026', 0, 'III'),
(1424, 5419, 'Desember', '2025/2026', 0, 'III'),
(1425, 5419, 'Januari', '2025/2026', 0, 'III'),
(1426, 5419, 'Februari', '2025/2026', 0, 'III'),
(1427, 5419, 'Maret', '2025/2026', 0, 'III'),
(1428, 5419, 'April', '2025/2026', 0, 'III'),
(1429, 5419, 'Mei', '2025/2026', 0, 'III'),
(1430, 5420, 'Juni', '2023/2024', 0, 'I'),
(1431, 5420, 'Juli', '2023/2024', 0, 'I'),
(1432, 5420, 'Agustus', '2023/2024', 0, 'I'),
(1433, 5420, 'September', '2023/2024', 0, 'I'),
(1434, 5420, 'Oktober', '2023/2024', 0, 'I'),
(1435, 5420, 'November', '2023/2024', 0, 'I'),
(1436, 5420, 'Desember', '2023/2024', 0, 'I'),
(1437, 5420, 'Januari', '2023/2024', 0, 'I'),
(1438, 5420, 'Februari', '2023/2024', 0, 'I'),
(1439, 5420, 'Maret', '2023/2024', 0, 'I'),
(1440, 5420, 'April', '2023/2024', 0, 'I'),
(1441, 5420, 'Mei', '2023/2024', 0, 'I'),
(1442, 5420, 'Juni', '2024/2025', 0, 'II'),
(1443, 5420, 'Juli', '2024/2025', 0, 'II'),
(1444, 5420, 'Agustus', '2024/2025', 0, 'II'),
(1445, 5420, 'September', '2024/2025', 0, 'II'),
(1446, 5420, 'Oktober', '2024/2025', 0, 'II'),
(1447, 5420, 'November', '2024/2025', 0, 'II'),
(1448, 5420, 'Desember', '2024/2025', 0, 'II'),
(1449, 5420, 'Januari', '2024/2025', 0, 'II'),
(1450, 5420, 'Februari', '2024/2025', 0, 'II'),
(1451, 5420, 'Maret', '2024/2025', 0, 'II'),
(1452, 5420, 'April', '2024/2025', 0, 'II'),
(1453, 5420, 'Mei', '2024/2025', 0, 'II'),
(1454, 5420, 'Juni', '2025/2026', 0, 'III'),
(1455, 5420, 'Juli', '2025/2026', 0, 'III'),
(1456, 5420, 'Agustus', '2025/2026', 0, 'III'),
(1457, 5420, 'September', '2025/2026', 0, 'III'),
(1458, 5420, 'Oktober', '2025/2026', 0, 'III'),
(1459, 5420, 'November', '2025/2026', 0, 'III'),
(1460, 5420, 'Desember', '2025/2026', 0, 'III'),
(1461, 5420, 'Januari', '2025/2026', 0, 'III'),
(1462, 5420, 'Februari', '2025/2026', 0, 'III'),
(1463, 5420, 'Maret', '2025/2026', 0, 'III'),
(1464, 5420, 'April', '2025/2026', 0, 'III'),
(1465, 5420, 'Mei', '2025/2026', 0, 'III'),
(1574, 5421, 'Juni', '2023/2024', 0, 'I'),
(1575, 5421, 'Juli', '2023/2024', 0, 'I'),
(1576, 5421, 'Agustus', '2023/2024', 0, 'I'),
(1577, 5421, 'September', '2023/2024', 0, 'I'),
(1578, 5421, 'Oktober', '2023/2024', 0, 'I'),
(1579, 5421, 'November', '2023/2024', 0, 'I'),
(1580, 5421, 'Desember', '2023/2024', 0, 'I'),
(1581, 5421, 'Januari', '2023/2024', 0, 'I'),
(1582, 5421, 'Februari', '2023/2024', 0, 'I'),
(1583, 5421, 'Maret', '2023/2024', 0, 'I'),
(1584, 5421, 'April', '2023/2024', 0, 'I'),
(1585, 5421, 'Mei', '2023/2024', 0, 'I'),
(1586, 5421, 'Juni', '2024/2025', 0, 'II'),
(1587, 5421, 'Juli', '2024/2025', 0, 'II'),
(1588, 5421, 'Agustus', '2024/2025', 0, 'II'),
(1589, 5421, 'September', '2024/2025', 0, 'II'),
(1590, 5421, 'Oktober', '2024/2025', 0, 'II'),
(1591, 5421, 'November', '2024/2025', 0, 'II'),
(1592, 5421, 'Desember', '2024/2025', 0, 'II'),
(1593, 5421, 'Januari', '2024/2025', 0, 'II'),
(1594, 5421, 'Februari', '2024/2025', 0, 'II'),
(1595, 5421, 'Maret', '2024/2025', 0, 'II'),
(1596, 5421, 'April', '2024/2025', 0, 'II'),
(1597, 5421, 'Mei', '2024/2025', 0, 'II'),
(1598, 5421, 'Juni', '2025/2026', 0, 'III'),
(1599, 5421, 'Juli', '2025/2026', 0, 'III'),
(1600, 5421, 'Agustus', '2025/2026', 0, 'III'),
(1601, 5421, 'September', '2025/2026', 0, 'III'),
(1602, 5421, 'Oktober', '2025/2026', 0, 'III'),
(1603, 5421, 'November', '2025/2026', 0, 'III'),
(1604, 5421, 'Desember', '2025/2026', 0, 'III'),
(1605, 5421, 'Januari', '2025/2026', 0, 'III'),
(1606, 5421, 'Februari', '2025/2026', 0, 'III'),
(1607, 5421, 'Maret', '2025/2026', 0, 'III'),
(1608, 5421, 'April', '2025/2026', 0, 'III'),
(1609, 5421, 'Mei', '2025/2026', 0, 'III'),
(1610, 5422, 'Juni', '2023/2024', 0, 'I'),
(1611, 5422, 'Juli', '2023/2024', 0, 'I'),
(1612, 5422, 'Agustus', '2023/2024', 0, 'I'),
(1613, 5422, 'September', '2023/2024', 0, 'I'),
(1614, 5422, 'Oktober', '2023/2024', 0, 'I'),
(1615, 5422, 'November', '2023/2024', 0, 'I'),
(1616, 5422, 'Desember', '2023/2024', 0, 'I'),
(1617, 5422, 'Januari', '2023/2024', 0, 'I'),
(1618, 5422, 'Februari', '2023/2024', 0, 'I'),
(1619, 5422, 'Maret', '2023/2024', 0, 'I'),
(1620, 5422, 'April', '2023/2024', 0, 'I'),
(1621, 5422, 'Mei', '2023/2024', 0, 'I'),
(1622, 5422, 'Juni', '2024/2025', 0, 'II'),
(1623, 5422, 'Juli', '2024/2025', 0, 'II'),
(1624, 5422, 'Agustus', '2024/2025', 0, 'II'),
(1625, 5422, 'September', '2024/2025', 0, 'II'),
(1626, 5422, 'Oktober', '2024/2025', 0, 'II'),
(1627, 5422, 'November', '2024/2025', 0, 'II'),
(1628, 5422, 'Desember', '2024/2025', 0, 'II'),
(1629, 5422, 'Januari', '2024/2025', 0, 'II'),
(1630, 5422, 'Februari', '2024/2025', 0, 'II'),
(1631, 5422, 'Maret', '2024/2025', 0, 'II'),
(1632, 5422, 'April', '2024/2025', 0, 'II'),
(1633, 5422, 'Mei', '2024/2025', 0, 'II'),
(1634, 5422, 'Juni', '2025/2026', 0, 'III'),
(1635, 5422, 'Juli', '2025/2026', 0, 'III'),
(1636, 5422, 'Agustus', '2025/2026', 0, 'III'),
(1637, 5422, 'September', '2025/2026', 0, 'III'),
(1638, 5422, 'Oktober', '2025/2026', 0, 'III'),
(1639, 5422, 'November', '2025/2026', 0, 'III'),
(1640, 5422, 'Desember', '2025/2026', 0, 'III'),
(1641, 5422, 'Januari', '2025/2026', 0, 'III'),
(1642, 5422, 'Februari', '2025/2026', 0, 'III'),
(1643, 5422, 'Maret', '2025/2026', 0, 'III'),
(1644, 5422, 'April', '2025/2026', 0, 'III'),
(1645, 5422, 'Mei', '2025/2026', 0, 'III'),
(1646, 5423, 'Juni', '2023/2024', 0, 'I'),
(1647, 5423, 'Juli', '2023/2024', 0, 'I'),
(1648, 5423, 'Agustus', '2023/2024', 0, 'I'),
(1649, 5423, 'September', '2023/2024', 0, 'I'),
(1650, 5423, 'Oktober', '2023/2024', 0, 'I'),
(1651, 5423, 'November', '2023/2024', 0, 'I'),
(1652, 5423, 'Desember', '2023/2024', 0, 'I'),
(1653, 5423, 'Januari', '2023/2024', 0, 'I'),
(1654, 5423, 'Februari', '2023/2024', 0, 'I'),
(1655, 5423, 'Maret', '2023/2024', 0, 'I'),
(1656, 5423, 'April', '2023/2024', 0, 'I'),
(1657, 5423, 'Mei', '2023/2024', 0, 'I'),
(1658, 5423, 'Juni', '2024/2025', 0, 'II'),
(1659, 5423, 'Juli', '2024/2025', 0, 'II'),
(1660, 5423, 'Agustus', '2024/2025', 0, 'II'),
(1661, 5423, 'September', '2024/2025', 0, 'II'),
(1662, 5423, 'Oktober', '2024/2025', 0, 'II'),
(1663, 5423, 'November', '2024/2025', 0, 'II'),
(1664, 5423, 'Desember', '2024/2025', 0, 'II'),
(1665, 5423, 'Januari', '2024/2025', 0, 'II'),
(1666, 5423, 'Februari', '2024/2025', 0, 'II'),
(1667, 5423, 'Maret', '2024/2025', 0, 'II'),
(1668, 5423, 'April', '2024/2025', 0, 'II'),
(1669, 5423, 'Mei', '2024/2025', 0, 'II'),
(1670, 5423, 'Juni', '2025/2026', 0, 'III'),
(1671, 5423, 'Juli', '2025/2026', 0, 'III'),
(1672, 5423, 'Agustus', '2025/2026', 0, 'III'),
(1673, 5423, 'September', '2025/2026', 0, 'III'),
(1674, 5423, 'Oktober', '2025/2026', 0, 'III'),
(1675, 5423, 'November', '2025/2026', 0, 'III'),
(1676, 5423, 'Desember', '2025/2026', 0, 'III'),
(1677, 5423, 'Januari', '2025/2026', 0, 'III'),
(1678, 5423, 'Februari', '2025/2026', 0, 'III'),
(1679, 5423, 'Maret', '2025/2026', 0, 'III'),
(1680, 5423, 'April', '2025/2026', 0, 'III'),
(1681, 5423, 'Mei', '2025/2026', 0, 'III'),
(1682, 5424, 'Juni', '2023/2024', 0, 'I'),
(1683, 5424, 'Juli', '2023/2024', 0, 'I'),
(1684, 5424, 'Agustus', '2023/2024', 0, 'I'),
(1685, 5424, 'September', '2023/2024', 0, 'I'),
(1686, 5424, 'Oktober', '2023/2024', 0, 'I'),
(1687, 5424, 'November', '2023/2024', 0, 'I'),
(1688, 5424, 'Desember', '2023/2024', 0, 'I'),
(1689, 5424, 'Januari', '2023/2024', 0, 'I'),
(1690, 5424, 'Februari', '2023/2024', 0, 'I'),
(1691, 5424, 'Maret', '2023/2024', 0, 'I'),
(1692, 5424, 'April', '2023/2024', 0, 'I'),
(1693, 5424, 'Mei', '2023/2024', 0, 'I'),
(1694, 5424, 'Juni', '2024/2025', 0, 'II'),
(1695, 5424, 'Juli', '2024/2025', 0, 'II'),
(1696, 5424, 'Agustus', '2024/2025', 0, 'II'),
(1697, 5424, 'September', '2024/2025', 0, 'II'),
(1698, 5424, 'Oktober', '2024/2025', 0, 'II'),
(1699, 5424, 'November', '2024/2025', 0, 'II'),
(1700, 5424, 'Desember', '2024/2025', 0, 'II'),
(1701, 5424, 'Januari', '2024/2025', 0, 'II'),
(1702, 5424, 'Februari', '2024/2025', 0, 'II'),
(1703, 5424, 'Maret', '2024/2025', 0, 'II'),
(1704, 5424, 'April', '2024/2025', 0, 'II'),
(1705, 5424, 'Mei', '2024/2025', 0, 'II'),
(1706, 5424, 'Juni', '2025/2026', 0, 'III'),
(1707, 5424, 'Juli', '2025/2026', 0, 'III'),
(1708, 5424, 'Agustus', '2025/2026', 0, 'III'),
(1709, 5424, 'September', '2025/2026', 0, 'III'),
(1710, 5424, 'Oktober', '2025/2026', 0, 'III'),
(1711, 5424, 'November', '2025/2026', 0, 'III'),
(1712, 5424, 'Desember', '2025/2026', 0, 'III'),
(1713, 5424, 'Januari', '2025/2026', 0, 'III'),
(1714, 5424, 'Februari', '2025/2026', 0, 'III'),
(1715, 5424, 'Maret', '2025/2026', 0, 'III'),
(1716, 5424, 'April', '2025/2026', 0, 'III'),
(1717, 5424, 'Mei', '2025/2026', 0, 'III'),
(1718, 5425, 'Juni', '2023/2024', 0, 'I'),
(1719, 5425, 'Juli', '2023/2024', 0, 'I'),
(1720, 5425, 'Agustus', '2023/2024', 0, 'I'),
(1721, 5425, 'September', '2023/2024', 0, 'I'),
(1722, 5425, 'Oktober', '2023/2024', 0, 'I'),
(1723, 5425, 'November', '2023/2024', 0, 'I'),
(1724, 5425, 'Desember', '2023/2024', 0, 'I'),
(1725, 5425, 'Januari', '2023/2024', 0, 'I'),
(1726, 5425, 'Februari', '2023/2024', 0, 'I'),
(1727, 5425, 'Maret', '2023/2024', 0, 'I'),
(1728, 5425, 'April', '2023/2024', 0, 'I'),
(1729, 5425, 'Mei', '2023/2024', 0, 'I'),
(1730, 5425, 'Juni', '2024/2025', 0, 'II'),
(1731, 5425, 'Juli', '2024/2025', 0, 'II'),
(1732, 5425, 'Agustus', '2024/2025', 0, 'II'),
(1733, 5425, 'September', '2024/2025', 0, 'II'),
(1734, 5425, 'Oktober', '2024/2025', 0, 'II'),
(1735, 5425, 'November', '2024/2025', 0, 'II'),
(1736, 5425, 'Desember', '2024/2025', 0, 'II'),
(1737, 5425, 'Januari', '2024/2025', 0, 'II'),
(1738, 5425, 'Februari', '2024/2025', 0, 'II'),
(1739, 5425, 'Maret', '2024/2025', 0, 'II'),
(1740, 5425, 'April', '2024/2025', 0, 'II'),
(1741, 5425, 'Mei', '2024/2025', 0, 'II'),
(1742, 5425, 'Juni', '2025/2026', 0, 'III'),
(1743, 5425, 'Juli', '2025/2026', 0, 'III'),
(1744, 5425, 'Agustus', '2025/2026', 0, 'III'),
(1745, 5425, 'September', '2025/2026', 0, 'III'),
(1746, 5425, 'Oktober', '2025/2026', 0, 'III'),
(1747, 5425, 'November', '2025/2026', 0, 'III'),
(1748, 5425, 'Desember', '2025/2026', 0, 'III'),
(1749, 5425, 'Januari', '2025/2026', 0, 'III'),
(1750, 5425, 'Februari', '2025/2026', 0, 'III'),
(1751, 5425, 'Maret', '2025/2026', 0, 'III'),
(1752, 5425, 'April', '2025/2026', 0, 'III'),
(1753, 5425, 'Mei', '2025/2026', 0, 'III'),
(1754, 5426, 'Juni', '2023/2024', 0, 'I'),
(1755, 5426, 'Juli', '2023/2024', 0, 'I'),
(1756, 5426, 'Agustus', '2023/2024', 0, 'I'),
(1757, 5426, 'September', '2023/2024', 0, 'I'),
(1758, 5426, 'Oktober', '2023/2024', 0, 'I'),
(1759, 5426, 'November', '2023/2024', 0, 'I'),
(1760, 5426, 'Desember', '2023/2024', 0, 'I'),
(1761, 5426, 'Januari', '2023/2024', 0, 'I'),
(1762, 5426, 'Februari', '2023/2024', 0, 'I'),
(1763, 5426, 'Maret', '2023/2024', 0, 'I'),
(1764, 5426, 'April', '2023/2024', 0, 'I'),
(1765, 5426, 'Mei', '2023/2024', 0, 'I'),
(1766, 5426, 'Juni', '2024/2025', 0, 'II'),
(1767, 5426, 'Juli', '2024/2025', 0, 'II'),
(1768, 5426, 'Agustus', '2024/2025', 0, 'II'),
(1769, 5426, 'September', '2024/2025', 0, 'II'),
(1770, 5426, 'Oktober', '2024/2025', 0, 'II'),
(1771, 5426, 'November', '2024/2025', 0, 'II'),
(1772, 5426, 'Desember', '2024/2025', 0, 'II'),
(1773, 5426, 'Januari', '2024/2025', 0, 'II'),
(1774, 5426, 'Februari', '2024/2025', 0, 'II'),
(1775, 5426, 'Maret', '2024/2025', 0, 'II'),
(1776, 5426, 'April', '2024/2025', 0, 'II'),
(1777, 5426, 'Mei', '2024/2025', 0, 'II'),
(1778, 5426, 'Juni', '2025/2026', 0, 'III'),
(1779, 5426, 'Juli', '2025/2026', 0, 'III'),
(1780, 5426, 'Agustus', '2025/2026', 0, 'III'),
(1781, 5426, 'September', '2025/2026', 0, 'III'),
(1782, 5426, 'Oktober', '2025/2026', 0, 'III'),
(1783, 5426, 'November', '2025/2026', 0, 'III'),
(1784, 5426, 'Desember', '2025/2026', 0, 'III'),
(1785, 5426, 'Januari', '2025/2026', 0, 'III'),
(1786, 5426, 'Februari', '2025/2026', 0, 'III'),
(1787, 5426, 'Maret', '2025/2026', 0, 'III'),
(1788, 5426, 'April', '2025/2026', 0, 'III'),
(1789, 5426, 'Mei', '2025/2026', 0, 'III'),
(1790, 5427, 'Juni', '2023/2024', 0, 'I'),
(1791, 5427, 'Juli', '2023/2024', 0, 'I'),
(1792, 5427, 'Agustus', '2023/2024', 0, 'I'),
(1793, 5427, 'September', '2023/2024', 0, 'I'),
(1794, 5427, 'Oktober', '2023/2024', 0, 'I'),
(1795, 5427, 'November', '2023/2024', 0, 'I'),
(1796, 5427, 'Desember', '2023/2024', 0, 'I'),
(1797, 5427, 'Januari', '2023/2024', 0, 'I'),
(1798, 5427, 'Februari', '2023/2024', 0, 'I'),
(1799, 5427, 'Maret', '2023/2024', 0, 'I'),
(1800, 5427, 'April', '2023/2024', 0, 'I'),
(1801, 5427, 'Mei', '2023/2024', 0, 'I'),
(1802, 5427, 'Juni', '2024/2025', 0, 'II'),
(1803, 5427, 'Juli', '2024/2025', 0, 'II'),
(1804, 5427, 'Agustus', '2024/2025', 0, 'II'),
(1805, 5427, 'September', '2024/2025', 0, 'II'),
(1806, 5427, 'Oktober', '2024/2025', 0, 'II'),
(1807, 5427, 'November', '2024/2025', 0, 'II'),
(1808, 5427, 'Desember', '2024/2025', 0, 'II'),
(1809, 5427, 'Januari', '2024/2025', 0, 'II'),
(1810, 5427, 'Februari', '2024/2025', 0, 'II'),
(1811, 5427, 'Maret', '2024/2025', 0, 'II'),
(1812, 5427, 'April', '2024/2025', 0, 'II'),
(1813, 5427, 'Mei', '2024/2025', 0, 'II'),
(1814, 5427, 'Juni', '2025/2026', 0, 'III'),
(1815, 5427, 'Juli', '2025/2026', 0, 'III'),
(1816, 5427, 'Agustus', '2025/2026', 0, 'III'),
(1817, 5427, 'September', '2025/2026', 0, 'III'),
(1818, 5427, 'Oktober', '2025/2026', 0, 'III'),
(1819, 5427, 'November', '2025/2026', 0, 'III'),
(1820, 5427, 'Desember', '2025/2026', 0, 'III'),
(1821, 5427, 'Januari', '2025/2026', 0, 'III'),
(1822, 5427, 'Februari', '2025/2026', 0, 'III'),
(1823, 5427, 'Maret', '2025/2026', 0, 'III'),
(1824, 5427, 'April', '2025/2026', 0, 'III'),
(1825, 5427, 'Mei', '2025/2026', 0, 'III'),
(1826, 5428, 'Juni', '2023/2024', 0, 'I'),
(1827, 5428, 'Juli', '2023/2024', 0, 'I'),
(1828, 5428, 'Agustus', '2023/2024', 0, 'I'),
(1829, 5428, 'September', '2023/2024', 0, 'I'),
(1830, 5428, 'Oktober', '2023/2024', 0, 'I'),
(1831, 5428, 'November', '2023/2024', 0, 'I'),
(1832, 5428, 'Desember', '2023/2024', 0, 'I'),
(1833, 5428, 'Januari', '2023/2024', 0, 'I'),
(1834, 5428, 'Februari', '2023/2024', 0, 'I'),
(1835, 5428, 'Maret', '2023/2024', 0, 'I'),
(1836, 5428, 'April', '2023/2024', 0, 'I'),
(1837, 5428, 'Mei', '2023/2024', 0, 'I'),
(1838, 5428, 'Juni', '2024/2025', 0, 'II'),
(1839, 5428, 'Juli', '2024/2025', 0, 'II'),
(1840, 5428, 'Agustus', '2024/2025', 0, 'II'),
(1841, 5428, 'September', '2024/2025', 0, 'II'),
(1842, 5428, 'Oktober', '2024/2025', 0, 'II'),
(1843, 5428, 'November', '2024/2025', 0, 'II'),
(1844, 5428, 'Desember', '2024/2025', 0, 'II'),
(1845, 5428, 'Januari', '2024/2025', 0, 'II'),
(1846, 5428, 'Februari', '2024/2025', 0, 'II'),
(1847, 5428, 'Maret', '2024/2025', 0, 'II'),
(1848, 5428, 'April', '2024/2025', 0, 'II'),
(1849, 5428, 'Mei', '2024/2025', 0, 'II'),
(1850, 5428, 'Juni', '2025/2026', 0, 'III'),
(1851, 5428, 'Juli', '2025/2026', 0, 'III'),
(1852, 5428, 'Agustus', '2025/2026', 0, 'III'),
(1853, 5428, 'September', '2025/2026', 0, 'III'),
(1854, 5428, 'Oktober', '2025/2026', 0, 'III'),
(1855, 5428, 'November', '2025/2026', 0, 'III'),
(1856, 5428, 'Desember', '2025/2026', 0, 'III'),
(1857, 5428, 'Januari', '2025/2026', 0, 'III'),
(1858, 5428, 'Februari', '2025/2026', 0, 'III'),
(1859, 5428, 'Maret', '2025/2026', 0, 'III'),
(1860, 5428, 'April', '2025/2026', 0, 'III'),
(1861, 5428, 'Mei', '2025/2026', 0, 'III'),
(1862, 5429, 'Juni', '2023/2024', 0, 'I'),
(1863, 5429, 'Juli', '2023/2024', 0, 'I'),
(1864, 5429, 'Agustus', '2023/2024', 0, 'I'),
(1865, 5429, 'September', '2023/2024', 0, 'I'),
(1866, 5429, 'Oktober', '2023/2024', 0, 'I'),
(1867, 5429, 'November', '2023/2024', 0, 'I'),
(1868, 5429, 'Desember', '2023/2024', 0, 'I'),
(1869, 5429, 'Januari', '2023/2024', 0, 'I'),
(1870, 5429, 'Februari', '2023/2024', 0, 'I'),
(1871, 5429, 'Maret', '2023/2024', 0, 'I'),
(1872, 5429, 'April', '2023/2024', 0, 'I'),
(1873, 5429, 'Mei', '2023/2024', 0, 'I'),
(1874, 5429, 'Juni', '2024/2025', 0, 'II'),
(1875, 5429, 'Juli', '2024/2025', 0, 'II'),
(1876, 5429, 'Agustus', '2024/2025', 0, 'II'),
(1877, 5429, 'September', '2024/2025', 0, 'II'),
(1878, 5429, 'Oktober', '2024/2025', 0, 'II'),
(1879, 5429, 'November', '2024/2025', 0, 'II'),
(1880, 5429, 'Desember', '2024/2025', 0, 'II'),
(1881, 5429, 'Januari', '2024/2025', 0, 'II'),
(1882, 5429, 'Februari', '2024/2025', 0, 'II'),
(1883, 5429, 'Maret', '2024/2025', 0, 'II'),
(1884, 5429, 'April', '2024/2025', 0, 'II'),
(1885, 5429, 'Mei', '2024/2025', 0, 'II'),
(1886, 5429, 'Juni', '2025/2026', 0, 'III'),
(1887, 5429, 'Juli', '2025/2026', 0, 'III'),
(1888, 5429, 'Agustus', '2025/2026', 0, 'III'),
(1889, 5429, 'September', '2025/2026', 0, 'III'),
(1890, 5429, 'Oktober', '2025/2026', 0, 'III'),
(1891, 5429, 'November', '2025/2026', 0, 'III'),
(1892, 5429, 'Desember', '2025/2026', 0, 'III'),
(1893, 5429, 'Januari', '2025/2026', 0, 'III'),
(1894, 5429, 'Februari', '2025/2026', 0, 'III'),
(1895, 5429, 'Maret', '2025/2026', 0, 'III'),
(1896, 5429, 'April', '2025/2026', 0, 'III'),
(1897, 5429, 'Mei', '2025/2026', 0, 'III'),
(1898, 5430, 'Juni', '2023/2024', 0, 'I'),
(1899, 5430, 'Juli', '2023/2024', 0, 'I'),
(1900, 5430, 'Agustus', '2023/2024', 0, 'I'),
(1901, 5430, 'September', '2023/2024', 0, 'I'),
(1902, 5430, 'Oktober', '2023/2024', 0, 'I'),
(1903, 5430, 'November', '2023/2024', 0, 'I'),
(1904, 5430, 'Desember', '2023/2024', 0, 'I'),
(1905, 5430, 'Januari', '2023/2024', 0, 'I'),
(1906, 5430, 'Februari', '2023/2024', 0, 'I'),
(1907, 5430, 'Maret', '2023/2024', 0, 'I'),
(1908, 5430, 'April', '2023/2024', 0, 'I'),
(1909, 5430, 'Mei', '2023/2024', 0, 'I'),
(1910, 5430, 'Juni', '2024/2025', 0, 'II'),
(1911, 5430, 'Juli', '2024/2025', 0, 'II'),
(1912, 5430, 'Agustus', '2024/2025', 0, 'II'),
(1913, 5430, 'September', '2024/2025', 0, 'II'),
(1914, 5430, 'Oktober', '2024/2025', 0, 'II'),
(1915, 5430, 'November', '2024/2025', 0, 'II'),
(1916, 5430, 'Desember', '2024/2025', 0, 'II'),
(1917, 5430, 'Januari', '2024/2025', 0, 'II'),
(1918, 5430, 'Februari', '2024/2025', 0, 'II'),
(1919, 5430, 'Maret', '2024/2025', 0, 'II'),
(1920, 5430, 'April', '2024/2025', 0, 'II'),
(1921, 5430, 'Mei', '2024/2025', 0, 'II'),
(1922, 5430, 'Juni', '2025/2026', 0, 'III'),
(1923, 5430, 'Juli', '2025/2026', 0, 'III'),
(1924, 5430, 'Agustus', '2025/2026', 0, 'III'),
(1925, 5430, 'September', '2025/2026', 0, 'III'),
(1926, 5430, 'Oktober', '2025/2026', 0, 'III'),
(1927, 5430, 'November', '2025/2026', 0, 'III'),
(1928, 5430, 'Desember', '2025/2026', 0, 'III'),
(1929, 5430, 'Januari', '2025/2026', 0, 'III'),
(1930, 5430, 'Februari', '2025/2026', 0, 'III'),
(1931, 5430, 'Maret', '2025/2026', 0, 'III'),
(1932, 5430, 'April', '2025/2026', 0, 'III'),
(1933, 5430, 'Mei', '2025/2026', 0, 'III');

-- --------------------------------------------------------

--
-- Table structure for table `tb_petugas`
--

CREATE TABLE `tb_petugas` (
  `nip` varchar(5) NOT NULL,
  `nama_petugas` varchar(100) NOT NULL,
  `password` varchar(50) NOT NULL,
  `leveluser` varchar(50) NOT NULL,
  `no_telp` varchar(50) NOT NULL
) ENGINE=InnoDB DEFAULT CHARSET=utf8mb4 COLLATE=utf8mb4_general_ci;

--
-- Dumping data for table `tb_petugas`
--

INSERT INTO `tb_petugas` (`nip`, `nama_petugas`, `password`, `leveluser`, `no_telp`) VALUES
('A-01', 'Gungde Solahudin', 'admin', 'Admin', '087645322234'),
('A-02', 'Bagus Murjana', 'admin', 'Admin', '087651436278'),
('P-01', 'Bagus Komang', 'petugas01', 'Petugas', '087352625980'),
('P-02', 'Linda Halima', 'petugas02', 'Petugas', '087645367677');

-- --------------------------------------------------------

--
-- Table structure for table `tb_siswa`
--

CREATE TABLE `tb_siswa` (
  `nis` int(11) NOT NULL,
  `nama_siswa` varchar(100) NOT NULL,
  `password` varchar(10) NOT NULL,
  `id_kelas` varchar(10) NOT NULL,
  `jenis_kelamin` varchar(10) NOT NULL,
  `alamat` varchar(100) NOT NULL
) ENGINE=InnoDB DEFAULT CHARSET=utf8mb4 COLLATE=utf8mb4_general_ci;

--
-- Dumping data for table `tb_siswa`
--

INSERT INTO `tb_siswa` (`nis`, `nama_siswa`, `password`, `id_kelas`, `jenis_kelamin`, `alamat`) VALUES
(5401, 'Agus Eka Wijaya', 'siswa123', 'X-T1', 'L', 'Jl. Pulau Sunco No. 1'),
(5402, 'I Noman Palguna', 'siswa123', 'X-T1', 'L', 'Jl. Raya Sesetan No. 7'),
(5403, 'Made Lingga Wiranata', 'siswa123', 'X-T1', 'L', 'Jl. Renon No. 10 '),
(5404, 'Tiara Rahma Dewi', 'siswa123', 'X-T1', 'P', 'Jl. Pemogan Isekai'),
(5405, 'Muhamad Cok Bagus', 'siswa123', 'X-T1', 'L', 'Jl. Tukad Citarum'),
(5406, 'Dony Salmanan', 'siswa123', 'X-T1', 'L', 'Jl. Sudirman NO. 9'),
(5407, 'I Gede Raditya', 'siswa123', 'X-T1', 'L', 'Jl. Sanur No. 4'),
(5408, 'Dewi Turmini', 'siswa123', 'X-T1', 'P', 'Jl. Kikukik Sawah'),
(5409, 'Salma Febriyanti', 'siswa123', 'X-T1', 'P', 'Jl. Gatot Kayu'),
(5410, 'Salsabilla Gusnia', 'siswa123', 'X-T1', 'P', 'Jl. Tukad Citarum'),
(5411, 'Dewa Krsna Yanas', 'siswa123', 'X-R1', 'L', 'Jl. Akasia Timur'),
(5412, 'Inyo Mansur Yadana', 'siswa123', 'X-R1', 'L', 'Jl. Pulau Bungin'),
(5413, 'I Kadek Ryan', 'siswa123', 'X-R1', 'L', 'Jl. Sesetan'),
(5414, 'Rizky Ryan Sahadha', 'siswa123', 'X-R1', 'L', 'Jl. Pulau Moyo'),
(5415, 'Malik Ridwan', 'siswa123', 'X-R1', 'L', 'Jl. Jalan Yuk'),
(5416, 'Zidan Ambatukam', 'siswa123', 'X-R1', 'L', 'Jl. Pulau Saelus'),
(5417, 'Rindu Valencia Rahma', 'siswa123', 'X-R1', 'P', 'Jl. Pulau Enggano'),
(5418, 'Firman Suryawan', 'siswa123', 'X-R1', 'L', 'Jl. Taman Pancing No. 5'),
(5419, 'Randy Galang', 'siswa123', 'X-R1', 'L', 'Jl. Karang Anyar'),
(5420, 'Arinda Tika Agustin', 'siswa123', 'X-R1', 'P', 'Jl. Kayangan No. 8'),
(5421, 'Andi Susanto', 'siswa123', 'X-D1', 'L', 'Jl. Merdeka No. 1'),
(5422, 'Siti Rahayu', 'siswa123', 'X-D1', 'P', 'Jl. Pahlawan No. 2'),
(5423, 'Budi Santoso', 'siswa123', 'X-D1', 'L', 'Jl. Diponegoro No. 3'),
(5424, 'Rina Wahyuni', 'siswa123', 'X-D1', 'P', 'Jl. Sudirman No. 4'),
(5425, 'Dedi Pratama', 'siswa123', 'X-D1', 'L', 'Jl. Gatot Subroto No. 5'),
(5426, 'Eka Imania ', 'siswa123', 'X-D1', 'P', 'Jl. Ahmad Yani No. 6'),
(5427, 'Rudi Setiawan', 'siswa123', 'X-D1', 'L', 'Jl. Raya Bogor No. 7'),
(5428, 'Maya Puspitasari', 'siswa123', 'X-D1', 'P', 'Jl. Merah Delima No. 8'),
(5429, 'Adi Nugraha', 'siswa123', 'X-D1', 'L', 'Jl. Puri Kencana No. 9'),
(5430, 'Dina Anggraini', 'siswa123', 'X-D1', 'P', 'Jl. Kenanga Indah No. 10');

-- --------------------------------------------------------

--
-- Table structure for table `tb_spp`
--

CREATE TABLE `tb_spp` (
  `id_spp` int(11) NOT NULL,
  `nip` varchar(5) NOT NULL,
  `nis` int(11) NOT NULL,
  `tgl_bayar` datetime NOT NULL,
  `bayar` double NOT NULL
) ENGINE=InnoDB DEFAULT CHARSET=utf8mb4 COLLATE=utf8mb4_general_ci;

--
-- Dumping data for table `tb_spp`
--

INSERT INTO `tb_spp` (`id_spp`, `nip`, `nis`, `tgl_bayar`, `bayar`) VALUES
(46, 'A-01', 5401, '2023-03-02 14:09:30', 600000),
(47, 'A-01', 5402, '2023-03-02 14:09:39', 600000),
(48, 'A-01', 5403, '2023-03-02 14:09:49', 600000),
(49, 'A-01', 5404, '2023-03-02 14:09:58', 600000),
(50, 'A-01', 5405, '2023-03-02 14:10:06', 600000),
(51, 'P-01', 5406, '2023-03-02 14:16:06', 600000),
(52, 'P-01', 5407, '2023-03-02 14:16:14', 600000),
(53, 'P-01', 5408, '2023-03-02 14:16:25', 600000),
(54, 'P-01', 5409, '2023-03-02 14:16:32', 600000),
(55, 'P-01', 5410, '2023-03-02 14:16:43', 600000),
(56, 'P-01', 5411, '2023-03-02 14:16:51', 600000),
(57, 'P-01', 5412, '2023-03-02 14:16:58', 600000),
(58, 'P-01', 5413, '2023-03-02 14:17:08', 600000),
(59, 'P-01', 5414, '2023-03-02 14:17:16', 600000),
(60, 'P-01', 5415, '2023-03-02 14:17:23', 600000),
(61, 'P-01', 5416, '2023-03-02 14:17:30', 600000),
(62, 'A-01', 5414, '2023-03-02 14:43:31', 600000),
(63, 'A-01', 5416, '2023-03-16 12:14:24', 600000),
(64, 'A-01', 5415, '2023-03-16 12:14:55', 600000),
(65, 'A-01', 5417, '2023-03-16 12:17:05', 600000),
(66, 'A-02', 5404, '2023-03-19 12:47:53', 600000),
(67, 'A-02', 5410, '2023-03-19 12:50:47', 600000),
(68, 'A-01', 5414, '2023-03-19 13:34:12', 600000),
(69, 'A-01', 5414, '2023-03-19 13:34:14', 600000),
(70, 'A-01', 5414, '2023-03-19 13:34:17', 600000),
(71, 'A-01', 5414, '2023-03-19 13:34:20', 600000),
(72, 'A-01', 5414, '2023-03-19 13:34:25', 600000),
(73, 'A-01', 5414, '2023-03-19 13:34:29', 600000),
(74, 'A-01', 5414, '2023-03-19 13:34:32', 600000),
(75, 'A-01', 5414, '2023-03-19 13:34:36', 600000),
(76, 'A-01', 5414, '2023-03-19 13:34:41', 600000),
(78, 'A-01', 5404, '2023-04-06 16:45:08', 600000),
(79, 'A-01', 5401, '2023-04-10 14:20:25', 600000),
(80, 'P-01', 5402, '2023-04-10 14:28:00', 600000);

--
-- Indexes for dumped tables
--

--
-- Indexes for table `tb_kelas`
--
ALTER TABLE `tb_kelas`
  ADD PRIMARY KEY (`id_kelas`);

--
-- Indexes for table `tb_pembayaran`
--
ALTER TABLE `tb_pembayaran`
  ADD PRIMARY KEY (`id_pembayaran`),
  ADD KEY `fk_nis` (`nis`);

--
-- Indexes for table `tb_petugas`
--
ALTER TABLE `tb_petugas`
  ADD PRIMARY KEY (`nip`);

--
-- Indexes for table `tb_siswa`
--
ALTER TABLE `tb_siswa`
  ADD PRIMARY KEY (`nis`),
  ADD KEY `fk_id_kelas` (`id_kelas`);

--
-- Indexes for table `tb_spp`
--
ALTER TABLE `tb_spp`
  ADD PRIMARY KEY (`id_spp`),
  ADD KEY `fk_nis_spp` (`nis`),
  ADD KEY `fk_nip` (`nip`);

--
-- AUTO_INCREMENT for dumped tables
--

--
-- AUTO_INCREMENT for table `tb_pembayaran`
--
ALTER TABLE `tb_pembayaran`
  MODIFY `id_pembayaran` int(11) NOT NULL AUTO_INCREMENT, AUTO_INCREMENT=1934;

--
-- AUTO_INCREMENT for table `tb_spp`
--
ALTER TABLE `tb_spp`
  MODIFY `id_spp` int(11) NOT NULL AUTO_INCREMENT, AUTO_INCREMENT=83;

--
-- Constraints for dumped tables
--

--
-- Constraints for table `tb_pembayaran`
--
ALTER TABLE `tb_pembayaran`
  ADD CONSTRAINT `fk_nis` FOREIGN KEY (`nis`) REFERENCES `tb_siswa` (`nis`) ON DELETE CASCADE;

--
-- Constraints for table `tb_siswa`
--
ALTER TABLE `tb_siswa`
  ADD CONSTRAINT `fk_id_kelas` FOREIGN KEY (`id_kelas`) REFERENCES `tb_kelas` (`id_kelas`);

--
-- Constraints for table `tb_spp`
--
ALTER TABLE `tb_spp`
  ADD CONSTRAINT `fk_nip` FOREIGN KEY (`nip`) REFERENCES `tb_petugas` (`nip`) ON UPDATE CASCADE,
  ADD CONSTRAINT `fk_nis_spp` FOREIGN KEY (`nis`) REFERENCES `tb_siswa` (`nis`) ON DELETE CASCADE;
COMMIT;

/*!40101 SET CHARACTER_SET_CLIENT=@OLD_CHARACTER_SET_CLIENT */;
/*!40101 SET CHARACTER_SET_RESULTS=@OLD_CHARACTER_SET_RESULTS */;
/*!40101 SET COLLATION_CONNECTION=@OLD_COLLATION_CONNECTION */;
